eqfsetcolor.gif,appAcc_Color.gif
eqfsetfonts.gif,appAcc_Font.gif
eqfassignkeysa.gif,appAcc_Keys_1.gif
eqfassignkeysb.gif,appAcc_Keys_2.gif
eqfassignkeysc.gif,appAcc_Keys_3.gif
ChangeViewDetails.gif,changes_130_ChangeViewDetails.gif
NextUntranslated.gif,changes_130_ExactFuzzyNomatch.gif
ProfileSettingsManagement.gif,changes_130_ProfileSettings.gif
fuzzySearchResult.gif,changes_131_FuzzySearch.gif
NextUntranslated_2.gif,changes_NextUntranslated.gif
eqfb7s6d.gif,concept_DetailsChange.gif
eqfb7s6c.gif,concept_DetailsSelect.gif
eqfb7s6e.gif,concept_ListItemArrange.gif
eqfb7s6f.gif,concept_ListItemsFilter_1.gif
eqfb7s6g.gif,concept_ListItemsFilter_2.gif
eqfb7s6h.gif,concept_ListItemsFilter_3.gif
eqfb7s6i.gif,concept_ListItemsFilter_4.gif
eqfb7s6j.gif,concept_ListItemsFilter_5.gif
eqfb7s6k.gif,concept_ListItemsFilter_6.gif
eqfb7s6l.gif,concept_ListItemsFilter_7.gif
eqfb7s6m.gif,concept_ListItemsFilter_8.gif
eqfb7s6n.gif,concept_ListItemsFilter_9.gif
eqfb7s6o.gif,concept_ListItemsFilter_10.gif
eqfb7s6p.gif,concept_ListItemsFilter_11.gif
eqfb7s6q.gif,concept_ListItemsFilter_12.gif
eqfb7s6r.gif,concept_ListItemsFilter_13.gif
eqfb7s6s.gif,concept_ListItemsFilter_14.gif
eqfb7s6t.gif,concept_ListItemsFilter_15.gif
eqfb7s6u.gif,concept_ListItemsFilter_16.gif
eqfb7s6b.gif,concept_OutputFile.gif
eqfb7s6v.gif,concept_SystemPreferences_1.gif
eqfb7s6w.gif,concept_SystemPreferences_2.gif
syspref2.gif,concept_SystemPreferences_3.gif
sysprefmarkup.gif,concept_SystemPreferences_4.gif
transenvwithentitydisplay.gif,concept_SystemPreferences_5.gif
eqfb7s6a.gif,concept_WindowsProgress.gif
dictlookup.gif,dict_CompoundWords.gif
eqfb7s10a.gif,dict_Create.gif
eqfb7s10b.gif,dict_CreateModel.gif
eqfb7s10e.gif,dict_Edit.gif
eqfb7s10f.gif,dict_Export.gif
eqfb7s10c.gif,dict_FieldChange.gif
eqfb7s10d.gif,dict_Filter.gif
dicimport.gif,dict_Import.gif
eqfb7s10h.gif,dict_Lookup.gif
eqfb7s10i.gif,dict_Merge.gif
eqfb7s10j.gif,dict_Print.gif
eqfb7s10l.gif,dict_PropertiesChange.gif
eqfb7s10m.gif,dict_PropertiesView.gif
eqfb7s10k.gif,dict_Search.gif
estyle.gif,dict_Styles.gif
eqfb7s7b.gif,doc_AnalyzeDictionary.gif
eqfb7s7a.gif,doc_AnalyzeMemory.gif
analysisprofilewindowartwork.gif,doc_AnalyzeProfile.gif
fuzzycount.gif,doc_CountFuzzy.dita
fuzzycountresult.gif,doc_CountFuzzyResults.gif
eqfb7s7c2.gif,doc_CountMatches_1.gif
eqfb7s7i.gif,doc_CountMatches_2.gif
eqfb7s7c.gif,doc_CountWords_1.gif
eqfb7s7d.gif,doc_CountWords_2.gif
eqfb7s7c3.gif,doc_CountWordsDuplicate_1.gif
duplicatecounts.gif,doc_CountWordsDuplicate_2.gif
duplicatecounts2.gif,doc_CountWordsDuplicate_3.gif
eqfb7s7m.gif,doc_ExportExternal.gif
eqfb7s7n.gif,doc_ExportExternalPath.gif
eqfb7s7l.gif,doc_ExportOpenTM2.gif
eqfb7s7k.gif,doc_ExportRevision.gif
xmldocexport.gif,doc_ExportTagGroup.gif
valexp.gif,doc_ExportValidation_1.gif
valexpv2.gif,doc_ExportValidation_2.gif
valformat.gif,doc_ExportValidationFormat.gif
xmldocexport.gif,doc_ExportXml.gif
eqfb7s7t.gif,doc_Import.gif
eqfb7s7o.gif,doc_ImportExternal_1.gif
eqfb7s7g.gif,doc_ImportExternal_2.gif
eqfb7s7p.gif,doc_ImportExternalPath.gif
eqfb7s7f.gif,doc_ImportOpenTM2.gif
xslselection.gif,doc_PreviewXmlStepsSelection.gif
xslpreview.gif,doc_PreviewXmlStepsPreview.gif
eqfb7s7j.gif,doc_PropertiesChange.gif
docpropertywindow.gif,doc_PropertiesView.gif
GlobalFindAndReplaceInteractiveTab.gif,doc_SearchInteractiveTab.gif
GlobalFindAndReplaceBatchListTab.gif,doc_SearchBatchTab.gif
GlobalFindAndReplaceBatchListEntry1.gif,doc_SearchBatchEntry_1.gif
GlobalFindAndReplaceBatchListEntry2.gif,doc_SearchBatchEntry_2.gif
fuzzySearch.gif,doc_SearchFuzzy.gif
fuzzySearchResult.gif,doc_SearchFuzztResults.gif
eqfb7s7h.gif,doc_Spellcheck.gif
concordancesearch.gif,edit_BasicSearch.gif
eqfb7s03c.gif,env_BidiArabic.gif
eqfb7s03b.gif,env_BidiControlling.gif
eqfb7s03d.gif,env_BidiHebrew.gif
eqfb7s03a.gif,env_BidiPrerequisites.gif
eqfb7s03e.gif,env_BidiTextInDialogs.gif
segmentproperties.gif,env_ThaiSegmentProperties.gif
translmemwindow.gif,env_ThaiMemoryWindow.gif
proposalcomment.gif,env_ThaiProposalComment.gif
eqfb7s03j.gif,env_ThaiDictionaries_1.gif
eqfb7s03k.gif,env_ThaiDictionaries_2.gif
eqfb7s03f.gif,env_ThaiDocuments.gif
eqfb7s03h.gif,env_ThaiFindReplace_1.gif
eqfb7s03i.gif,env_ThaiFindReplace_2.gif
eqfb7s03l.gif,env_ThaiHtml.gif
eqfb7s03g.gif,env_ThaiPreparing.gif
foldernew.gif,folder_Create.gif
eqfb7s8h.gif,folder_CreateSubfolder.gif
eqfb7s8b.gif,folder_DeleteExported.gif
folderdictselect.gif,folder_Dictionary.gif
folexp.gif,folder_Export.gif
folimp.gif,folder_Import.gif
folimppassword.gif,folder_ImportControlled.gif
folimpx.gif,folder_ImportXliff.gif
foldermemselect.gif,folder_Memory.gif
folderprops.gif,folder_PropertiesChange.gif
globalmemoryoption.gif,folder_PropertiesChangeMemory.gif
eqfb7s8g.gif,folder_PropertiesView.gif
eqfb7s9a.gif,memory_Archive.gif
TranslMemNew.gif,memory_Create.gif
eqfb7s9c.gif,memory_Export.gif
memimport.gif,memory_Import.gif
eqfb7s9d.gif,memory_ItmCreate.gif
eqfb7s9g.gif,memory_ItmRevise.gif
eqfb7s9f.gif,memory_Merge.gif
eqfb7s9j.gif,memory_PropertiesChange.gif
eqfb7s7v.gif,memory_PropertiesView.gif
eqfb7s9h.gif,memory_Revise.gif
eqfb7s9i.gif,memory_Search.gif
ConnectSharedMemory.gif,memory_SharedLanConnect.gif
SharedMemoryServicePanel.gif,memory_SharedWebServicePanel.gif
SharedMemoryNew.gif,memory_SharedWebNew.gif
SharedMemoryCreate.gif,memory_SharedWebCreate.gif
ServiceCFG.gif,memory_SharedWebSetup.gif
ConnectSharedMemory2.gif,memory_SharedWebConnect.gif
SharedMemUserList.gif,meory_SharedWebUsing.gif
OtmMtEvalReport.gif,mt_OtmMtEvalOutput_1.gif
mteval1.gif,mt_OtmMtEvalOutput_2.gif
mteval2.gif,mt_OtmMtEvalOutput_3.gif
mteval3.gif,mt_OtmMtEvalOutput_4.gif
eqfb7s12a.gif,mut_Export.gif
eqfb7s12b.gif,mut_Import.gif
eqfb7s12c.gif,mut_PropertiesChange.gif
AutoVersionUpgrade_Tab_Updates.gif,plugin_AutoVersionUpgradeUpdates.gif
AutoVersionUpgrade_Tab_Settings.gif,plugin_AutoVersionUpgradeSettings.gif
GuiForCommandLineTools.gif,plugin_CommandLineGui.gif
PluginManager_Tab_Installed.gif,plugin_ManagerInstalled.gif
PluginManager_Tab_Available.gif,plugin_ManagerAvailable.gif
PluginManager_Tab_Updates.gif,plugin_ManagerUpdates.gif
PluginManager_Tab_Settings.gif,plugin_ManagerSettings.gif
PluginManager_Tab_Help.gif,plugin_ManagerHelp.gif
ProfileSettingsManagement.gif,plugin_ProfileSettingManagement.gif
RemoveTemporaryFiles.gif,plugin_RemoveTemporaryFiles.gif
eqfb7s162.gif,report_Calculate_1.gif
eqfb7s163.gif,report_Calculate_2.gif
eqfb7s16g.gif,report_Calculate_3.gif
eqfb7s16h.gif,report_Calculate_4.gif
eqfb7s16i.gif,report_Calculate_5.gif
eqfb7s16y.gif,report_CostCalculate_1.gif
eqfb7s161.gif,report_CostCalculate_2.gif
eqfb7s16e.gif,report_Counting_1.gif
eqfb7s16f.gif,report_Counting_2.gif
eqfb7s16z.gif,report_History_1.gif
eqfb7s16c.gif,report_History_2.gif
eqfb7s16d.gif,report_History_3.gif
eqfb7s16b.gif,report_Layout_1.gif
eqfb7s16r.gif,report_Layout_2.gif
eqfb7s16q.gif,report_Layout_3.gif
eqfb7s16s.gif,report_Layout_4.gif
eqfb7s16t.gif,report_Layout_5.gif
eqfb7s16u.gif,report_Layout_6.gif
eqfb7s16v.gif,report_Layout_7.gif
eqfb7s16w.gif,report_Layout_8.gif
eqfb7s16x.gif,report_Layout_9.gif
eqfb7s16a.gif,report_Overview.gif
eqfb7s16j.gif,report_Preanalysis_1.gif
eqfb7s16k.gif,report_Preanalysis_2.gif
eqfb7s16l.gif,report_Preanalysis_3.gif
eqfb7s16m.gif,report_Redundancy_1.gif
eqfb7s16n.gif,report_Redundancy_2.gif
eqfb7s16o.gif,report_Redundancy_3.gif
eqfb7s16p.gif,report_RedundantSegment.gif
eqfb7s11c.gif,term_Change_1.gif
eqfb7s11e.gif,term_Change_2.gif
eqfb7s11f.gif,term_Change_3.gif
eqfb7s11g.gif,term_Change_4.gif
eqfb7s11h.gif,term_Change_5.gif
eqfb7s11i.gif,term_Change_6.gif
eqfb7s11a.gif,term_Export.gif
eqfb7s11b.gif,term_Import.gif
eqfb7s11d.gif,term_MarkTerm.gif
